,Area.region.or.district,disease,testing,incid.2018,incidence.adjustment.type,incidence.adjustment.factor,prp.incidence.presenting,patients.ratio.uninf.inf,incid.pppd.2018,,Region,
1,AHAFO,TB,-1,47.45,linear,-0.027,0.34,12,0.0000013,,ahafo,BRONG AHAFO
2,ASHANTI,TB,-1,43.8,linear,-0.027,0.34,12,0.0000012,,ashanti,
3,BONO,TB,-1,40.15,linear,-0.027,0.34,12,0.0000011,,bono,
4,BONO EAST,TB,-1,47.45,linear,-0.027,0.34,12,0.0000013,,bono east,
5,CENTRAL,TB,-1,47.45,linear,-0.027,0.34,12,0.0000013,,central,
6,EASTERN,TB,-1,54.75,linear,-0.027,0.34,12,0.0000015,,eastern,
7,GREATER ACCRA,TB,-1,47.45,linear,-0.027,0.34,12,0.0000013,,greater accra,
8,NORTHERN,TB,-1,18.25,linear,-0.027,0.34,12,0.0000005,,northern,
9,NORTH EAST,TB,-1,25.55,linear,-0.027,0.34,12,0.0000007,,northern east,NORTHERN EAST
10,OTI,TB,-1,54.75,linear,-0.027,0.34,12,0.0000015,,oti,
11,SAVANNAH,TB,-1,21.9,linear,-0.027,0.34,12,0.0000006,,savannah,
12,UPPER EAST,TB,-1,47.45,linear,-0.027,0.34,12,0.0000013,,upper east,
13,UPPER WEST,TB,-1,36.5,linear,-0.027,0.34,12,0.000001,,upper west,
14,VOLTA,TB,-1,51.1,linear,-0.027,0.34,12,0.0000014,,volta,
15,WESTERN,TB,-1,69.35,linear,-0.027,0.34,12,0.0000019,,western,
16,WESTERN NORTH,TB,-1,43.8,linear,-0.027,0.34,12,0.0000012,,western north,
1,AHAFO,HIV,-1,52,linear,0,0.7602,0,0.00000073,,ahafo,BRONG AHAFO
2,ASHANTI,HIV,-1,52,linear,0,0.7602,0,0.00000073,,ashanti,
3,BONO,HIV,-1,52,linear,0,0.7602,0,0.00000073,,bono,
4,BONO EAST,HIV,-1,52,linear,0,0.7602,0,0.00000073,,bono east,
5,CENTRAL,HIV,-1,52,linear,0,0.7602,0,0.00000073,,central,
6,EASTERN,HIV,-1,52,linear,0,0.7602,0,0.00000073,,eastern,
7,GREATER ACCRA,HIV,-1,52,linear,0,0.7602,0,0.00000073,,greater accra,
8,NORTHERN,HIV,-1,52,linear,0,0.7602,0,0.00000073,,northern,NORTHERN EAST
9,NORTH EAST,HIV,-1,52,linear,0,0.7602,0,0.00000073,,northern east,
10,OTI,HIV,-1,52,linear,0,0.7602,0,0.00000073,,oti,
11,SAVANNAH,HIV,-1,52,linear,0,0.7602,0,0.00000073,,savannah,
12,UPPER EAST,HIV,-1,52,linear,0,0.7602,0,0.00000073,,upper east,
13,UPPER WEST,HIV,-1,52,linear,0,0.7602,0,0.00000073,,upper west,
14,VOLTA,HIV,-1,52,linear,0,0.7602,0,0.00000073,,volta,
15,WESTERN,HIV,-1,52,linear,0,0.7602,0,0.00000073,,western,
16,WESTERN NORTH,HIV,-1,52,linear,0,0.7602,0,0.00000073,,western north,
1,ADANSI ASOKWA,TB,-1,69.35,linear,-0.027,0.34,12,0.0000012,,ashanti,
2,ADANSI NORTH,TB,-1,69.35,linear,-0.027,0.34,12,0.0000012,,ashanti,
3,ADANSI SOUTH,TB,-1,69.35,linear,-0.027,0.34,12,0.0000012,,ashanti,
4,AFIGYA KWABRE NORTH,TB,-1,69.35,linear,-0.027,0.34,12,0.0000012,,ashanti,
5,AFIGYA KWABRE SOUTH,TB,-1,69.35,linear,-0.027,0.34,12,0.0000012,,ashanti,
6,AHAFO ANO NORTH,TB,-1,69.35,linear,-0.027,0.34,12,0.0000012,,ashanti,
7,AHAFO ANO SOUTH EAST,TB,-1,69.35,linear,-0.027,0.34,12,0.0000012,,ashanti,
8,AHAFO ANO SOUTH WEST,TB,-1,69.35,linear,-0.027,0.34,12,0.0000012,,ashanti,
9,AKROFUOM,TB,-1,69.35,linear,-0.027,0.34,12,0.0000012,,ashanti,
10,AMANSIE CENTRAL,TB,-1,69.35,linear,-0.027,0.34,12,0.0000012,,ashanti,
11,AMANSIE SOUTH,TB,-1,69.35,linear,-0.027,0.34,12,0.0000012,,ashanti,
12,AMANSIE WEST,TB,-1,69.35,linear,-0.027,0.34,12,0.0000012,,ashanti,
13,ASANTE AKIM CENTRAL MUNICIPAL,TB,-1,69.35,linear,-0.027,0.34,12,0.0000012,,ashanti,
14,ASANTE AKIM NORTH,TB,-1,69.35,linear,-0.027,0.34,12,0.0000012,,ashanti,
15,ASANTE AKIM SOUTH,TB,-1,69.35,linear,-0.027,0.34,12,0.0000012,,ashanti,
16,ASOKORE MAMPONG MUNICIPAL,TB,-1,69.35,linear,-0.027,0.34,12,0.0000012,,ashanti,
17,ASOKWA MUNICIPAL,TB,-1,69.35,linear,-0.027,0.34,12,0.0000012,,ashanti,
18,ATWIMA KWANWOMA,TB,-1,69.35,linear,-0.027,0.34,12,0.0000012,,ashanti,
19,ATWIMA MPONUA,TB,-1,69.35,linear,-0.027,0.34,12,0.0000012,,ashanti,
20,ATWIMA NWABIAGYA SOUTH,TB,-1,69.35,linear,-0.027,0.34,12,0.0000012,,ashanti,
21,ATWIMA NWABIAGYA NORTH,TB,-1,69.35,linear,-0.027,0.34,12,0.0000012,,ashanti,
22,BEKWAI MUNICIPAL,TB,-1,69.35,linear,-0.027,0.34,12,0.0000012,,ashanti,
23,BOSOME FREHO,TB,-1,69.35,linear,-0.027,0.34,12,0.0000012,,ashanti,
24,BOSOMTWE,TB,-1,69.35,linear,-0.027,0.34,12,0.0000012,,ashanti,
25,EJISU MUNICIPAL,TB,-1,69.35,linear,-0.027,0.34,12,0.0000012,,ashanti,
26,EJURA-SEKYEDUMASE,TB,-1,69.35,linear,-0.027,0.34,12,0.0000012,,ashanti,
27,JUABEN MUNICIPAL,TB,-1,69.35,linear,-0.027,0.34,12,0.0000012,,ashanti,
28,KUMASI METROPOLITAN,TB,-1,69.35,linear,-0.027,0.34,12,0.0000012,,ashanti,
29,KWABRE EAST,TB,-1,69.35,linear,-0.027,0.34,12,0.0000012,,ashanti,
30,KWADASO MUNICIPAL,TB,-1,69.35,linear,-0.027,0.34,12,0.0000012,,ashanti,
31,MAMPONG MUNICIPAL,TB,-1,69.35,linear,-0.027,0.34,12,0.0000012,,ashanti,
32,OBUASI EAST,TB,-1,69.35,linear,-0.027,0.34,12,0.0000012,,ashanti,
33,OBUASI MUNICIPAL,TB,-1,69.35,linear,-0.027,0.34,12,0.0000012,,ashanti,
34,OFFINSO MUNICIPAL,TB,-1,69.35,linear,-0.027,0.34,12,0.0000012,,ashanti,
35,OFFINSO NORTH,TB,-1,69.35,linear,-0.027,0.34,12,0.0000012,,ashanti,
36,OFORIKROM MUNICIPAL,TB,-1,69.35,linear,-0.027,0.34,12,0.0000012,,ashanti,
37,OLD TAFO MUNICIPAL,TB,-1,69.35,linear,-0.027,0.34,12,0.0000012,,ashanti,
38,SEKYERE AFRAM PLAINS NORTH,TB,-1,69.35,linear,-0.027,0.34,12,0.0000012,,ashanti,
39,SEKYERE CENTRAL,TB,-1,69.35,linear,-0.027,0.34,12,0.0000012,,ashanti,
40,SEKYERE EAST,TB,-1,69.35,linear,-0.027,0.34,12,0.0000012,,ashanti,
41,SEKYERE KUMAWU,TB,-1,69.35,linear,-0.027,0.34,12,0.0000012,,ashanti,
42,SEKYERE SOUTH,TB,-1,69.35,linear,-0.027,0.34,12,0.0000012,,ashanti,
43,SUAME MUNICIPAL,TB,-1,69.35,linear,-0.027,0.34,12,0.0000012,,ashanti,
44,ASUNAFO NORTH,TB,-1,69.35,linear,-0.027,0.34,12,0.0000013,,ahafo,
45,ASUNAFO SOUTH,TB,-1,69.35,linear,-0.027,0.34,12,0.0000013,,ahafo,
46,ASUTIFI NORTH,TB,-1,69.35,linear,-0.027,0.34,12,0.0000013,,ahafo,
47,ASUTIFI SOUTH,TB,-1,69.35,linear,-0.027,0.34,12,0.0000013,,ahafo,
48,TANO NORTH MUNICIPAL,TB,-1,69.35,linear,-0.027,0.34,12,0.0000013,,ahafo,
49,TANO SOUTH MUNICIPAL,TB,-1,69.35,linear,-0.027,0.34,12,0.0000013,,ahafo,
50,ATEBUBU AMANTIN,TB,-1,69.35,linear,-0.027,0.34,12,0.0000013,,bono east,
51,KINTAMPO NORTH MUNICIPAL,TB,-1,69.35,linear,-0.027,0.34,12,0.0000013,,bono east,
52,KINTAMPO SOUTH,TB,-1,69.35,linear,-0.027,0.34,12,0.0000013,,bono east,
53,NKORANZA NORTH,TB,-1,69.35,linear,-0.027,0.34,12,0.0000013,,bono east,
54,NKORANZA SOUTH,TB,-1,69.35,linear,-0.027,0.34,12,0.0000013,,bono east,
55,PRU EAST,TB,-1,69.35,linear,-0.027,0.34,12,0.0000013,,bono east,
56,PRU WEST,TB,-1,69.35,linear,-0.027,0.34,12,0.0000013,,bono east,
57,SENE EAST,TB,-1,69.35,linear,-0.027,0.34,12,0.0000013,,bono east,
58,SENE WEST,TB,-1,69.35,linear,-0.027,0.34,12,0.0000013,,bono east,
59,TECHIMAN MUNICIPAL,TB,-1,69.35,linear,-0.027,0.34,12,0.0000013,,bono east,
60,TECHIMAN NORTH,TB,-1,69.35,linear,-0.027,0.34,12,0.0000013,,bono east,
61,BANDA,TB,-1,69.35,linear,-0.027,0.34,12,0.0000011,,bono,
62,BEREKUM EAST MUNICIPAL,TB,-1,69.35,linear,-0.027,0.34,12,0.0000011,,bono,
63,BEREKUM WEST,TB,-1,69.35,linear,-0.027,0.34,12,0.0000011,,bono,
64,DORMAA MUNICIPAL,TB,-1,69.35,linear,-0.027,0.34,12,0.0000011,,bono,
65,DORMAA EAST,TB,-1,69.35,linear,-0.027,0.34,12,0.0000011,,bono,
66,DORMAA WEST,TB,-1,69.35,linear,-0.027,0.34,12,0.0000011,,bono,
67,JAMAN NORTH,TB,-1,69.35,linear,-0.027,0.34,12,0.0000011,,bono,
68,JAMAN SOUTH MUNICIPAL,TB,-1,69.35,linear,-0.027,0.34,12,0.0000011,,bono,
69,SUNYANI MUNICIPAL,TB,-1,69.35,linear,-0.027,0.34,12,0.0000011,,bono,
70,SUNYANI WEST,TB,-1,69.35,linear,-0.027,0.34,12,0.0000011,,bono,
71,TAIN,TB,-1,69.35,linear,-0.027,0.34,12,0.0000011,,bono,
72,WENCHI MUNICIPAL,TB,-1,69.35,linear,-0.027,0.34,12,0.0000011,,bono,
73,ABURA-ASEBU-KWAMANKESE,TB,-1,69.35,linear,-0.027,0.34,12,0.0000013,,central,
74,AGONA EAST,TB,-1,69.35,linear,-0.027,0.34,12,0.0000013,,central,
75,AGONA WEST MUNICIPAL,TB,-1,69.35,linear,-0.027,0.34,12,0.0000013,,central,
76,AJUMAKO-ENYAN-ESSIAM,TB,-1,69.35,linear,-0.027,0.34,12,0.0000013,,central,
77,ASIKUMA-ODOBEN-BRAKWA,TB,-1,69.35,linear,-0.027,0.34,12,0.0000013,,central,
78,ASSIN CENTRAL MUNICIPAL,TB,-1,69.35,linear,-0.027,0.34,12,0.0000013,,central,
79,ASSIN NORTH,TB,-1,69.35,linear,-0.027,0.34,12,0.0000013,,central,
80,ASSIN SOUTH,TB,-1,69.35,linear,-0.027,0.34,12,0.0000013,,central,
81,AWUTU SENYA EAST,TB,-1,69.35,linear,-0.027,0.34,12,0.0000013,,central,
82,AWUTU SENYA WEST,TB,-1,69.35,linear,-0.027,0.34,12,0.0000013,,central,
83,CAPE COAST METROPOLITAN,TB,-1,69.35,linear,-0.027,0.34,12,0.0000013,,central,
84,EFFUTU MUNICIPAL,TB,-1,69.35,linear,-0.027,0.34,12,0.0000013,,central,
85,EKUMFI,TB,-1,69.35,linear,-0.027,0.34,12,0.0000013,,central,
86,GOMOA CENTRAL,TB,-1,69.35,linear,-0.027,0.34,12,0.0000013,,central,
87,GOMOA EAST,TB,-1,69.35,linear,-0.027,0.34,12,0.0000013,,central,
88,GOMOA WEST,TB,-1,69.35,linear,-0.027,0.34,12,0.0000013,,central,
89,KOMENDA-EDINA-EGUAFO-ABIREM MUNICIPAL,TB,-1,69.35,linear,-0.027,0.34,12,0.0000013,,central,
90,MFANTSEMAN MUNICIPAL,TB,-1,69.35,linear,-0.027,0.34,12,0.0000013,,central,
91,TWIFO ATTI-MORKWA,TB,-1,69.35,linear,-0.027,0.34,12,0.0000013,,central,
92,TWIFO HEMANG LOWER DENKYIRA,TB,-1,69.35,linear,-0.027,0.34,12,0.0000013,,central,
93,UPPER DENKYIRA EAST MUNICIPAL,TB,-1,69.35,linear,-0.027,0.34,12,0.0000013,,central,
94,UPPER DENKYIRA WEST,TB,-1,69.35,linear,-0.027,0.34,12,0.0000013,,central,
95,ABUAKWA NORTH,TB,-1,69.35,linear,-0.027,0.34,12,0.0000015,,eastern,
96,ABUAKWA SOUTH MUNICIPAL,TB,-1,69.35,linear,-0.027,0.34,12,0.0000015,,eastern,
97,ACHIASE,TB,-1,69.35,linear,-0.027,0.34,12,0.0000015,,eastern,
98,AKWAPEM NORTH,TB,-1,69.35,linear,-0.027,0.34,12,0.0000015,,eastern,
99,AKWAPEM SOUTH,TB,-1,69.35,linear,-0.027,0.34,12,0.0000015,,eastern,
100,AKYEM MANSA,TB,-1,69.35,linear,-0.027,0.34,12,0.0000015,,eastern,
101,ASENE MANSO AKROSO,TB,-1,69.35,linear,-0.027,0.34,12,0.0000015,,eastern,
102,ASUOGYAMAN,TB,-1,69.35,linear,-0.027,0.34,12,0.0000015,,eastern,
103,ATIWA EAST,TB,-1,69.35,linear,-0.027,0.34,12,0.0000015,,eastern,
104,ATIWA WEST,TB,-1,69.35,linear,-0.027,0.34,12,0.0000015,,eastern,
105,AYENSUANO,TB,-1,69.35,linear,-0.027,0.34,12,0.0000015,,eastern,
106,BIRIM CENTRAL MUNICIPAL,TB,-1,69.35,linear,-0.027,0.34,12,0.0000015,,eastern,
107,BIRIM NORTH,TB,-1,69.35,linear,-0.027,0.34,12,0.0000015,,eastern,
108,BIRIM SOUTH,TB,-1,69.35,linear,-0.027,0.34,12,0.0000015,,eastern,
109,DENKYEMBOUR,TB,-1,69.35,linear,-0.027,0.34,12,0.0000015,,eastern,
110,FANTEAKWA NORTH,TB,-1,69.35,linear,-0.027,0.34,12,0.0000015,,eastern,
111,FANTEAKWA SOUTH,TB,-1,69.35,linear,-0.027,0.34,12,0.0000015,,eastern,
112,KWAEBIBIREM,TB,-1,69.35,linear,-0.027,0.34,12,0.0000015,,eastern,
113,KWAHU AFRAM PLAINS NORTH,TB,-1,69.35,linear,-0.027,0.34,12,0.0000015,,eastern,
114,KWAHU AFRAM PLAINS SOUTH,TB,-1,69.35,linear,-0.027,0.34,12,0.0000015,,eastern,
115,KWAHU EAST,TB,-1,69.35,linear,-0.027,0.34,12,0.0000015,,eastern,
116,KWAHU SOUTH,TB,-1,69.35,linear,-0.027,0.34,12,0.0000015,,eastern,
117,KWAHU WEST MUNICIPAL,TB,-1,69.35,linear,-0.027,0.34,12,0.0000015,,eastern,
118,LOWER MANYA KROBO,TB,-1,69.35,linear,-0.027,0.34,12,0.0000015,,eastern,
119,NEW JUABEN NORTH MUNICIPAL,TB,-1,69.35,linear,-0.027,0.34,12,0.0000015,,eastern,
120,NEW JUABEN SOUTH MUNICIPAL,TB,-1,69.35,linear,-0.027,0.34,12,0.0000015,,eastern,
121,NSAWAM ADOAGYIRE MUNICIPAL,TB,-1,69.35,linear,-0.027,0.34,12,0.0000015,,eastern,
122,OKERE,TB,-1,69.35,linear,-0.027,0.34,12,0.0000015,,eastern,
123,SUHUM MUNICIPAL,TB,-1,69.35,linear,-0.027,0.34,12,0.0000015,,eastern,
124,UPPER MANYA KROBO,TB,-1,69.35,linear,-0.027,0.34,12,0.0000015,,eastern,
125,UPPER WEST AKIM,TB,-1,69.35,linear,-0.027,0.34,12,0.0000015,,eastern,
126,WEST AKIM MUNICIPAL,TB,-1,69.35,linear,-0.027,0.34,12,0.0000015,,eastern,
127,YILO KROBO MUNICIPAL,TB,-1,69.35,linear,-0.027,0.34,12,0.0000015,,eastern,
128,ABLEKUMA CENTRAL MUNICIPAL,TB,-1,69.35,linear,-0.027,0.34,12,0.0000013,,greater accra,
129,ABLEKUMA NORTH MUNICIPAL,TB,-1,69.35,linear,-0.027,0.34,12,0.0000013,,greater accra,
130,ABLEKUMA WEST MUNICIPAL,TB,-1,69.35,linear,-0.027,0.34,12,0.0000013,,greater accra,
131,ACCRA METROPOLIS,TB,-1,69.35,linear,-0.027,0.34,12,0.0000013,,greater accra,
132,ADA EAST,TB,-1,69.35,linear,-0.027,0.34,12,0.0000013,,greater accra,
133,ADA WEST,TB,-1,69.35,linear,-0.027,0.34,12,0.0000013,,greater accra,
134,ADENTA MUNICIPAL,TB,-1,69.35,linear,-0.027,0.34,12,0.0000013,,greater accra,
135,ASHAIMAN MUNICIPAL,TB,-1,69.35,linear,-0.027,0.34,12,0.0000013,,greater accra,
136,AYAWASO CENTRAL MUNICIPAL,TB,-1,69.35,linear,-0.027,0.34,12,0.0000013,,greater accra,
137,AYAWASO EAST MUNICIPAL,TB,-1,69.35,linear,-0.027,0.34,12,0.0000013,,greater accra,
138,AYAWASO NORTH MUNICIPAL,TB,-1,69.35,linear,-0.027,0.34,12,0.0000013,,greater accra,
139,AYAWASO WEST,TB,-1,69.35,linear,-0.027,0.34,12,0.0000013,,greater accra,
140,GA CENTRAL MUNICIPAL,TB,-1,69.35,linear,-0.027,0.34,12,0.0000013,,greater accra,
141,GA EAST,TB,-1,69.35,linear,-0.027,0.34,12,0.0000013,,greater accra,
142,GA NORTH MUNICIPAL,TB,-1,69.35,linear,-0.027,0.34,12,0.0000013,,greater accra,
143,GA SOUTH MUNICIPAL,TB,-1,69.35,linear,-0.027,0.34,12,0.0000013,,greater accra,
144,GA WEST MUNICIPAL,TB,-1,69.35,linear,-0.027,0.34,12,0.0000013,,greater accra,
145,KORLE KLOTTEY MUNICIPAL,TB,-1,69.35,linear,-0.027,0.34,12,0.0000013,,greater accra,
146,KPONE KATAMANSO,TB,-1,69.35,linear,-0.027,0.34,12,0.0000013,,greater accra,
147,KROWOR MUNICIPAL,TB,-1,69.35,linear,-0.027,0.34,12,0.0000013,,greater accra,
148,LA DADE-KOTOPON,TB,-1,69.35,linear,-0.027,0.34,12,0.0000013,,greater accra,
149,LA-NKWANTANANG-MADINA,TB,-1,69.35,linear,-0.027,0.34,12,0.0000013,,greater accra,
150,LEDZOKUKU MUNICIPAL,TB,-1,69.35,linear,-0.027,0.34,12,0.0000013,,greater accra,
151,NINGO PRAMPRAM,TB,-1,69.35,linear,-0.027,0.34,12,0.0000013,,greater accra,
152,OKAIKWEI NORTH MUNICIPAL,TB,-1,69.35,linear,-0.027,0.34,12,0.0000013,,greater accra,
153,SHAI OSUDOKU,TB,-1,69.35,linear,-0.027,0.34,12,0.0000013,,greater accra,
154,TEMA METROPOLITAN,TB,-1,69.35,linear,-0.027,0.34,12,0.0000013,,greater accra,
155,TEMA WEST MUNICIPAL,TB,-1,69.35,linear,-0.027,0.34,12,0.0000013,,greater accra,
156,WEIJA GBAWE MUNICIPAL,TB,-1,69.35,linear,-0.027,0.34,12,0.0000013,,greater accra,
157,GUSHEGU,TB,-1,69.35,linear,-0.027,0.34,12,0.0000005,,northern,
158,KARAGA,TB,-1,69.35,linear,-0.027,0.34,12,0.0000005,,northern,
159,KPANDAI,TB,-1,69.35,linear,-0.027,0.34,12,0.0000005,,northern,
160,KUMBUNGU,TB,-1,69.35,linear,-0.027,0.34,12,0.0000005,,northern,
161,MION,TB,-1,69.35,linear,-0.027,0.34,12,0.0000005,,northern,
162,NANTON,TB,-1,69.35,linear,-0.027,0.34,12,0.0000005,,northern,
163,NANUMBA NORTH,TB,-1,69.35,linear,-0.027,0.34,12,0.0000005,,northern,
164,NANUMBA SOUTH,TB,-1,69.35,linear,-0.027,0.34,12,0.0000005,,northern,
165,SABOBA,TB,-1,69.35,linear,-0.027,0.34,12,0.0000005,,northern,
166,SAGNERIGU,TB,-1,69.35,linear,-0.027,0.34,12,0.0000005,,northern,
167,SAVELUGU,TB,-1,69.35,linear,-0.027,0.34,12,0.0000005,,northern,
168,TAMALE,TB,-1,69.35,linear,-0.027,0.34,12,0.0000005,,northern,
169,TATALE SANGULI,TB,-1,69.35,linear,-0.027,0.34,12,0.0000005,,northern,
170,TOLON,TB,-1,69.35,linear,-0.027,0.34,12,0.0000005,,northern,
171,YENDI MUNICIPAL,TB,-1,69.35,linear,-0.027,0.34,12,0.0000005,,northern,
172,ZABZUGU,TB,-1,69.35,linear,-0.027,0.34,12,0.0000005,,northern,
173,BOLE,TB,-1,69.35,linear,-0.027,0.34,12,0.0000006,,savannah,
174,CENTRAL GONJA,TB,-1,69.35,linear,-0.027,0.34,12,0.0000006,,savannah,
175,EAST GONJA MUNICIPAL,TB,-1,69.35,linear,-0.027,0.34,12,0.0000006,,savannah,
176,NORTH EAST GONJA,TB,-1,69.35,linear,-0.027,0.34,12,0.0000006,,savannah,
177,NORTH GONJA,TB,-1,69.35,linear,-0.027,0.34,12,0.0000006,,savannah,
178,SAWLA-TUNA-KALBA,TB,-1,69.35,linear,-0.027,0.34,12,0.0000006,,savannah,
179,WEST GONJA,TB,-1,69.35,linear,-0.027,0.34,12,0.0000006,,savannah,
180,BUNKPURUGU NAKPANDURI,TB,-1,69.35,linear,-0.027,0.34,12,0.0000007,,north east,
181,CHEREPONI,TB,-1,69.35,linear,-0.027,0.34,12,0.0000007,,north east,
182,EAST MAMPRUSI,TB,-1,69.35,linear,-0.027,0.34,12,0.0000007,,north east,
183,MAMPRUGU MOAGDURI,TB,-1,69.35,linear,-0.027,0.34,12,0.0000007,,north east,
184,WEST MAMPRUSI MUNICIPAL,TB,-1,69.35,linear,-0.027,0.34,12,0.0000007,,north east,
185,YUNYOO-NASUAN,TB,-1,69.35,linear,-0.027,0.34,12,0.0000007,,north east,
186,BAWKU MUNICIPAL,TB,-1,69.35,linear,-0.027,0.34,12,0.0000013,,upper east,
187,BAWKU WEST,TB,-1,69.35,linear,-0.027,0.34,12,0.0000013,,upper east,
188,BINDURI,TB,-1,69.35,linear,-0.027,0.34,12,0.0000013,,upper east,
189,BOLGA EAST,TB,-1,69.35,linear,-0.027,0.34,12,0.0000013,,upper east,
190,BOLGATANGA MUNICIPAL,TB,-1,69.35,linear,-0.027,0.34,12,0.0000013,,upper east,
191,BONGO,TB,-1,69.35,linear,-0.027,0.34,12,0.0000013,,upper east,
192,BUILSA NORTH,TB,-1,69.35,linear,-0.027,0.34,12,0.0000013,,upper east,
193,BUILSA SOUTH,TB,-1,69.35,linear,-0.027,0.34,12,0.0000013,,upper east,
194,GARU,TB,-1,69.35,linear,-0.027,0.34,12,0.0000013,,upper east,
195,KASENA NANKANA EAST,TB,-1,69.35,linear,-0.027,0.34,12,0.0000013,,upper east,
196,KASENA NANKANA WEST,TB,-1,69.35,linear,-0.027,0.34,12,0.0000013,,upper east,
197,NABDAM,TB,-1,69.35,linear,-0.027,0.34,12,0.0000013,,upper east,
198,PUSIGA,TB,-1,69.35,linear,-0.027,0.34,12,0.0000013,,upper east,
199,TALENSI,TB,-1,69.35,linear,-0.027,0.34,12,0.0000013,,upper east,
200,TEMPANE,TB,-1,69.35,linear,-0.027,0.34,12,0.0000013,,upper east,
201,DAFFIAMA BUSSIE ISSA,TB,-1,69.35,linear,-0.027,0.34,12,0.000001,,upper west,
202,JIRAPA,TB,-1,69.35,linear,-0.027,0.34,12,0.000001,,upper west,
203,LAMBUSSIE-KARNI,TB,-1,69.35,linear,-0.027,0.34,12,0.000001,,upper west,
204,LAWRA,TB,-1,69.35,linear,-0.027,0.34,12,0.000001,,upper west,
205,NADOWLI-KALEO,TB,-1,69.35,linear,-0.027,0.34,12,0.000001,,upper west,
206,NANDOM,TB,-1,69.35,linear,-0.027,0.34,12,0.000001,,upper west,
207,SISSALA EAST,TB,-1,69.35,linear,-0.027,0.34,12,0.000001,,upper west,
208,SISSALA WEST,TB,-1,69.35,linear,-0.027,0.34,12,0.000001,,upper west,
209,WA EAST,TB,-1,69.35,linear,-0.027,0.34,12,0.000001,,upper west,
210,WA MUNICIPAL,TB,-1,69.35,linear,-0.027,0.34,12,0.000001,,upper west,
211,WA WEST,TB,-1,69.35,linear,-0.027,0.34,12,0.000001,,upper west,
212,ADAKLU,TB,-1,69.35,linear,-0.027,0.34,12,0.0000014,,volta,
213,AFADZATO SOUTH,TB,-1,69.35,linear,-0.027,0.34,12,0.0000014,,volta,
214,AGOTIME ZIOPE,TB,-1,69.35,linear,-0.027,0.34,12,0.0000014,,volta,
215,AKATSI NORTH,TB,-1,69.35,linear,-0.027,0.34,12,0.0000014,,volta,
216,AKATSI SOUTH,TB,-1,69.35,linear,-0.027,0.34,12,0.0000014,,volta,
217,ANLOGA,TB,-1,69.35,linear,-0.027,0.34,12,0.0000014,,volta,
218,CENTRAL TONGU,TB,-1,69.35,linear,-0.027,0.34,12,0.0000014,,volta,
219,HOHOE MUNICIPAL,TB,-1,69.35,linear,-0.027,0.34,12,0.0000014,,volta,
220,HO MUNICIPAL,TB,-1,69.35,linear,-0.027,0.34,12,0.0000014,,volta,
221,HO WEST,TB,-1,69.35,linear,-0.027,0.34,12,0.0000014,,volta,
222,KETA MUNICIPAL,TB,-1,69.35,linear,-0.027,0.34,12,0.0000014,,volta,
223,KETU NORTH,TB,-1,69.35,linear,-0.027,0.34,12,0.0000014,,volta,
224,KETU SOUTH,TB,-1,69.35,linear,-0.027,0.34,12,0.0000014,,volta,
225,KPANDO MUNICIPAL,TB,-1,69.35,linear,-0.027,0.34,12,0.0000014,,volta,
226,NORTH DAYI,TB,-1,69.35,linear,-0.027,0.34,12,0.0000014,,volta,
227,NORTH TONGU,TB,-1,69.35,linear,-0.027,0.34,12,0.0000014,,volta,
228,SOUTH DAYI,TB,-1,69.35,linear,-0.027,0.34,12,0.0000014,,volta,
229,SOUTH TONGU,TB,-1,69.35,linear,-0.027,0.34,12,0.0000014,,volta,
230,BIAKOYE,TB,-1,69.35,linear,-0.027,0.34,12,0.0000015,,oti,
231,JASIKAN,TB,-1,69.35,linear,-0.027,0.34,12,0.0000015,,oti,
232,KADJEBI,TB,-1,69.35,linear,-0.027,0.34,12,0.0000015,,oti,
233,KRACHI EAST MUNICIPAL,TB,-1,69.35,linear,-0.027,0.34,12,0.0000015,,oti,
234,KRACHI NCHUMURU,TB,-1,69.35,linear,-0.027,0.34,12,0.0000015,,oti,
235,KRACHI WEST,TB,-1,69.35,linear,-0.027,0.34,12,0.0000015,,oti,
236,NKWANTA NORTH,TB,-1,69.35,linear,-0.027,0.34,12,0.0000015,,oti,
237,NKWANTA SOUTH MUNICIPAL,TB,-1,69.35,linear,-0.027,0.34,12,0.0000015,,oti,
238,AHANTA WEST MUNICIPAL,TB,-1,69.35,linear,-0.027,0.34,12,0.0000019,,western,
239,EFFIA KWESIMINTSIM MUNICIPAL,TB,-1,69.35,linear,-0.027,0.34,12,0.0000019,,western,
240,ELLEMBELLE,TB,-1,69.35,linear,-0.027,0.34,12,0.0000019,,western,
241,JOMORO,TB,-1,69.35,linear,-0.027,0.34,12,0.0000019,,western,
242,MPOHOR,TB,-1,69.35,linear,-0.027,0.34,12,0.0000019,,western,
243,NZEMA EAST,TB,-1,69.35,linear,-0.027,0.34,12,0.0000019,,western,
244,PRESTEA-HUNI VALLEY,TB,-1,69.35,linear,-0.027,0.34,12,0.0000019,,western,
245,SEKONDI TAKORADI METROPOLIS,TB,-1,69.35,linear,-0.027,0.34,12,0.0000019,,western,
246,SHAMA,TB,-1,69.35,linear,-0.027,0.34,12,0.0000019,,western,
247,TARKWA NSUAEM,TB,-1,69.35,linear,-0.027,0.34,12,0.0000019,,western,
248,WASSA AMENFI CENTRAL,TB,-1,69.35,linear,-0.027,0.34,12,0.0000019,,western,
249,WASSA AMENFI EAST,TB,-1,69.35,linear,-0.027,0.34,12,0.0000019,,western,
250,WASSA AMENFI WEST,TB,-1,69.35,linear,-0.027,0.34,12,0.0000019,,western,
251,WASSA EAST,TB,-1,69.35,linear,-0.027,0.34,12,0.0000019,,western,
252,AOWIN,TB,-1,69.35,linear,-0.027,0.34,12,0.0000012,,western north,
253,BIA EAST,TB,-1,69.35,linear,-0.027,0.34,12,0.0000012,,western north,
254,BIA WEST,TB,-1,69.35,linear,-0.027,0.34,12,0.0000012,,western north,
255,BIBIANI-ANHWIASO-BEKWAI MUNICIPAL,TB,-1,69.35,linear,-0.027,0.34,12,0.0000012,,western north,
256,BODI,TB,-1,69.35,linear,-0.027,0.34,12,0.0000012,,western north,
257,JUABOSO,TB,-1,69.35,linear,-0.027,0.34,12,0.0000012,,western north,
258,SEFWI AKONTOMBRA,TB,-1,69.35,linear,-0.027,0.34,12,0.0000012,,western north,
259,SEFWI-WIAWSO,TB,-1,69.35,linear,-0.027,0.34,12,0.0000012,,western north,
260,SUAMAN,TB,-1,69.35,linear,-0.027,0.34,12,0.0000012,,western north,
1,ADANSI ASOKWA,HIV,-1,52,linear,0,0.7602,0,0.00000073,,ashanti,
2,ADANSI NORTH,HIV,-1,52,linear,0,0.7602,0,0.00000073,,ashanti,
3,ADANSI SOUTH,HIV,-1,52,linear,0,0.7602,0,0.00000073,,ashanti,
4,AFIGYA KWABRE NORTH,HIV,-1,52,linear,0,0.7602,0,0.00000073,,ashanti,
5,AFIGYA KWABRE SOUTH,HIV,-1,52,linear,0,0.7602,0,0.00000073,,ashanti,
6,AHAFO ANO NORTH,HIV,-1,52,linear,0,0.7602,0,0.00000073,,ashanti,
7,AHAFO ANO SOUTH EAST,HIV,-1,52,linear,0,0.7602,0,0.00000073,,ashanti,
8,AHAFO ANO SOUTH WEST,HIV,-1,52,linear,0,0.7602,0,0.00000073,,ashanti,
9,AKROFUOM,HIV,-1,52,linear,0,0.7602,0,0.00000073,,ashanti,
10,AMANSIE CENTRAL,HIV,-1,52,linear,0,0.7602,0,0.00000073,,ashanti,
11,AMANSIE SOUTH,HIV,-1,52,linear,0,0.7602,0,0.00000073,,ashanti,
12,AMANSIE WEST,HIV,-1,52,linear,0,0.7602,0,0.00000073,,ashanti,
13,ASANTE AKIM CENTRAL MUNICIPAL,HIV,-1,52,linear,0,0.7602,0,0.00000073,,ashanti,
14,ASANTE AKIM NORTH,HIV,-1,52,linear,0,0.7602,0,0.00000073,,ashanti,
15,ASANTE AKIM SOUTH,HIV,-1,52,linear,0,0.7602,0,0.00000073,,ashanti,
16,ASOKORE MAMPONG MUNICIPAL,HIV,-1,52,linear,0,0.7602,0,0.00000073,,ashanti,
17,ASOKWA MUNICIPAL,HIV,-1,52,linear,0,0.7602,0,0.00000073,,ashanti,
18,ATWIMA KWANWOMA,HIV,-1,52,linear,0,0.7602,0,0.00000073,,ashanti,
19,ATWIMA MPONUA,HIV,-1,52,linear,0,0.7602,0,0.00000073,,ashanti,
20,ATWIMA NWABIAGYA SOUTH,HIV,-1,52,linear,0,0.7602,0,0.00000073,,ashanti,
21,ATWIMA NWABIAGYA NORTH,HIV,-1,52,linear,0,0.7602,0,0.00000073,,ashanti,
22,BEKWAI MUNICIPAL,HIV,-1,52,linear,0,0.7602,0,0.00000073,,ashanti,
23,BOSOME FREHO,HIV,-1,52,linear,0,0.7602,0,0.00000073,,ashanti,
24,BOSOMTWE,HIV,-1,52,linear,0,0.7602,0,0.00000073,,ashanti,
25,EJISU MUNICIPAL,HIV,-1,52,linear,0,0.7602,0,0.00000073,,ashanti,
26,EJURA-SEKYEDUMASE,HIV,-1,52,linear,0,0.7602,0,0.00000073,,ashanti,
27,JUABEN MUNICIPAL,HIV,-1,52,linear,0,0.7602,0,0.00000073,,ashanti,
28,KUMASI METROPOLITAN,HIV,-1,52,linear,0,0.7602,0,0.00000073,,ashanti,
29,KWABRE EAST,HIV,-1,52,linear,0,0.7602,0,0.00000073,,ashanti,
30,KWADASO MUNICIPAL,HIV,-1,52,linear,0,0.7602,0,0.00000073,,ashanti,
31,MAMPONG MUNICIPAL,HIV,-1,52,linear,0,0.7602,0,0.00000073,,ashanti,
32,OBUASI EAST,HIV,-1,52,linear,0,0.7602,0,0.00000073,,ashanti,
33,OBUASI MUNICIPAL,HIV,-1,52,linear,0,0.7602,0,0.00000073,,ashanti,
34,OFFINSO MUNICIPAL,HIV,-1,52,linear,0,0.7602,0,0.00000073,,ashanti,
35,OFFINSO NORTH,HIV,-1,52,linear,0,0.7602,0,0.00000073,,ashanti,
36,OFORIKROM MUNICIPAL,HIV,-1,52,linear,0,0.7602,0,0.00000073,,ashanti,
37,OLD TAFO MUNICIPAL,HIV,-1,52,linear,0,0.7602,0,0.00000073,,ashanti,
38,SEKYERE AFRAM PLAINS NORTH,HIV,-1,52,linear,0,0.7602,0,0.00000073,,ashanti,
39,SEKYERE CENTRAL,HIV,-1,52,linear,0,0.7602,0,0.00000073,,ashanti,
40,SEKYERE EAST,HIV,-1,52,linear,0,0.7602,0,0.00000073,,ashanti,
41,SEKYERE KUMAWU,HIV,-1,52,linear,0,0.7602,0,0.00000073,,ashanti,
42,SEKYERE SOUTH,HIV,-1,52,linear,0,0.7602,0,0.00000073,,ashanti,
43,SUAME MUNICIPAL,HIV,-1,52,linear,0,0.7602,0,0.00000073,,ashanti,
44,ASUNAFO NORTH,HIV,-1,52,linear,0,0.7602,0,0.00000073,,ahafo,
45,ASUNAFO SOUTH,HIV,-1,52,linear,0,0.7602,0,0.00000073,,ahafo,
46,ASUTIFI NORTH,HIV,-1,52,linear,0,0.7602,0,0.00000073,,ahafo,
47,ASUTIFI SOUTH,HIV,-1,52,linear,0,0.7602,0,0.00000073,,ahafo,
48,TANO NORTH MUNICIPAL,HIV,-1,52,linear,0,0.7602,0,0.00000073,,ahafo,
49,TANO SOUTH MUNICIPAL,HIV,-1,52,linear,0,0.7602,0,0.00000073,,ahafo,
50,ATEBUBU AMANTIN,HIV,-1,52,linear,0,0.7602,0,0.00000073,,bono east,
51,KINTAMPO NORTH MUNICIPAL,HIV,-1,52,linear,0,0.7602,0,0.00000073,,bono east,
52,KINTAMPO SOUTH,HIV,-1,52,linear,0,0.7602,0,0.00000073,,bono east,
53,NKORANZA NORTH,HIV,-1,52,linear,0,0.7602,0,0.00000073,,bono east,
54,NKORANZA SOUTH,HIV,-1,52,linear,0,0.7602,0,0.00000073,,bono east,
55,PRU EAST,HIV,-1,52,linear,0,0.7602,0,0.00000073,,bono east,
56,PRU WEST,HIV,-1,52,linear,0,0.7602,0,0.00000073,,bono east,
57,SENE EAST,HIV,-1,52,linear,0,0.7602,0,0.00000073,,bono east,
58,SENE WEST,HIV,-1,52,linear,0,0.7602,0,0.00000073,,bono east,
59,TECHIMAN MUNICIPAL,HIV,-1,52,linear,0,0.7602,0,0.00000073,,bono east,
60,TECHIMAN NORTH,HIV,-1,52,linear,0,0.7602,0,0.00000073,,bono east,
61,BANDA,HIV,-1,52,linear,0,0.7602,0,0.00000073,,bono,
62,BEREKUM EAST MUNICIPAL,HIV,-1,52,linear,0,0.7602,0,0.00000073,,bono,
63,BEREKUM WEST,HIV,-1,52,linear,0,0.7602,0,0.00000073,,bono,
64,DORMAA MUNICIPAL,HIV,-1,52,linear,0,0.7602,0,0.00000073,,bono,
65,DORMAA EAST,HIV,-1,52,linear,0,0.7602,0,0.00000073,,bono,
66,DORMAA WEST,HIV,-1,52,linear,0,0.7602,0,0.00000073,,bono,
67,JAMAN NORTH,HIV,-1,52,linear,0,0.7602,0,0.00000073,,bono,
68,JAMAN SOUTH MUNICIPAL,HIV,-1,52,linear,0,0.7602,0,0.00000073,,bono,
69,SUNYANI MUNICIPAL,HIV,-1,52,linear,0,0.7602,0,0.00000073,,bono,
70,SUNYANI WEST,HIV,-1,52,linear,0,0.7602,0,0.00000073,,bono,
71,TAIN,HIV,-1,52,linear,0,0.7602,0,0.00000073,,bono,
72,WENCHI MUNICIPAL,HIV,-1,52,linear,0,0.7602,0,0.00000073,,bono,
73,ABURA-ASEBU-KWAMANKESE,HIV,-1,52,linear,0,0.7602,0,0.00000073,,central,
74,AGONA EAST,HIV,-1,52,linear,0,0.7602,0,0.00000073,,central,
75,AGONA WEST MUNICIPAL,HIV,-1,52,linear,0,0.7602,0,0.00000073,,central,
76,AJUMAKO-ENYAN-ESSIAM,HIV,-1,52,linear,0,0.7602,0,0.00000073,,central,
77,ASIKUMA-ODOBEN-BRAKWA,HIV,-1,52,linear,0,0.7602,0,0.00000073,,central,
78,ASSIN CENTRAL MUNICIPAL,HIV,-1,52,linear,0,0.7602,0,0.00000073,,central,
79,ASSIN NORTH,HIV,-1,52,linear,0,0.7602,0,0.00000073,,central,
80,ASSIN SOUTH,HIV,-1,52,linear,0,0.7602,0,0.00000073,,central,
81,AWUTU SENYA EAST,HIV,-1,52,linear,0,0.7602,0,0.00000073,,central,
82,AWUTU SENYA WEST,HIV,-1,52,linear,0,0.7602,0,0.00000073,,central,
83,CAPE COAST METROPOLITAN,HIV,-1,52,linear,0,0.7602,0,0.00000073,,central,
84,EFFUTU MUNICIPAL,HIV,-1,52,linear,0,0.7602,0,0.00000073,,central,
85,EKUMFI,HIV,-1,52,linear,0,0.7602,0,0.00000073,,central,
86,GOMOA CENTRAL,HIV,-1,52,linear,0,0.7602,0,0.00000073,,central,
87,GOMOA EAST,HIV,-1,52,linear,0,0.7602,0,0.00000073,,central,
88,GOMOA WEST,HIV,-1,52,linear,0,0.7602,0,0.00000073,,central,
89,KOMENDA-EDINA-EGUAFO-ABIREM MUNICIPAL,HIV,-1,52,linear,0,0.7602,0,0.00000073,,central,
90,MFANTSEMAN MUNICIPAL,HIV,-1,52,linear,0,0.7602,0,0.00000073,,central,
91,TWIFO ATTI-MORKWA,HIV,-1,52,linear,0,0.7602,0,0.00000073,,central,
92,TWIFO HEMANG LOWER DENKYIRA,HIV,-1,52,linear,0,0.7602,0,0.00000073,,central,
93,UPPER DENKYIRA EAST MUNICIPAL,HIV,-1,52,linear,0,0.7602,0,0.00000073,,central,
94,UPPER DENKYIRA WEST,HIV,-1,52,linear,0,0.7602,0,0.00000073,,central,
95,ABUAKWA NORTH,HIV,-1,52,linear,0,0.7602,0,0.00000073,,eastern,
96,ABUAKWA SOUTH MUNICIPAL,HIV,-1,52,linear,0,0.7602,0,0.00000073,,eastern,
97,ACHIASE,HIV,-1,52,linear,0,0.7602,0,0.00000073,,eastern,
98,AKWAPEM NORTH,HIV,-1,52,linear,0,0.7602,0,0.00000073,,eastern,
99,AKWAPEM SOUTH,HIV,-1,52,linear,0,0.7602,0,0.00000073,,eastern,
100,AKYEM MANSA,HIV,-1,52,linear,0,0.7602,0,0.00000073,,eastern,
101,ASENE MANSO AKROSO,HIV,-1,52,linear,0,0.7602,0,0.00000073,,eastern,
102,ASUOGYAMAN,HIV,-1,52,linear,0,0.7602,0,0.00000073,,eastern,
103,ATIWA EAST,HIV,-1,52,linear,0,0.7602,0,0.00000073,,eastern,
104,ATIWA WEST,HIV,-1,52,linear,0,0.7602,0,0.00000073,,eastern,
105,AYENSUANO,HIV,-1,52,linear,0,0.7602,0,0.00000073,,eastern,
106,BIRIM CENTRAL MUNICIPAL,HIV,-1,52,linear,0,0.7602,0,0.00000073,,eastern,
107,BIRIM NORTH,HIV,-1,52,linear,0,0.7602,0,0.00000073,,eastern,
108,BIRIM SOUTH,HIV,-1,52,linear,0,0.7602,0,0.00000073,,eastern,
109,DENKYEMBOUR,HIV,-1,52,linear,0,0.7602,0,0.00000073,,eastern,
110,FANTEAKWA NORTH,HIV,-1,52,linear,0,0.7602,0,0.00000073,,eastern,
111,FANTEAKWA SOUTH,HIV,-1,52,linear,0,0.7602,0,0.00000073,,eastern,
112,KWAEBIBIREM,HIV,-1,52,linear,0,0.7602,0,0.00000073,,eastern,
113,KWAHU AFRAM PLAINS NORTH,HIV,-1,52,linear,0,0.7602,0,0.00000073,,eastern,
114,KWAHU AFRAM PLAINS SOUTH,HIV,-1,52,linear,0,0.7602,0,0.00000073,,eastern,
115,KWAHU EAST,HIV,-1,52,linear,0,0.7602,0,0.00000073,,eastern,
116,KWAHU SOUTH,HIV,-1,52,linear,0,0.7602,0,0.00000073,,eastern,
117,KWAHU WEST MUNICIPAL,HIV,-1,52,linear,0,0.7602,0,0.00000073,,eastern,
118,LOWER MANYA KROBO,HIV,-1,52,linear,0,0.7602,0,0.00000073,,eastern,
119,NEW JUABEN NORTH MUNICIPAL,HIV,-1,52,linear,0,0.7602,0,0.00000073,,eastern,
120,NEW JUABEN SOUTH MUNICIPAL,HIV,-1,52,linear,0,0.7602,0,0.00000073,,eastern,
121,NSAWAM ADOAGYIRE MUNICIPAL,HIV,-1,52,linear,0,0.7602,0,0.00000073,,eastern,
122,OKERE,HIV,-1,52,linear,0,0.7602,0,0.00000073,,eastern,
123,SUHUM MUNICIPAL,HIV,-1,52,linear,0,0.7602,0,0.00000073,,eastern,
124,UPPER MANYA KROBO,HIV,-1,52,linear,0,0.7602,0,0.00000073,,eastern,
125,UPPER WEST AKIM,HIV,-1,52,linear,0,0.7602,0,0.00000073,,eastern,
126,WEST AKIM MUNICIPAL,HIV,-1,52,linear,0,0.7602,0,0.00000073,,eastern,
127,YILO KROBO MUNICIPAL,HIV,-1,52,linear,0,0.7602,0,0.00000073,,eastern,
128,ABLEKUMA CENTRAL MUNICIPAL,HIV,-1,52,linear,0,0.7602,0,0.00000073,,greater accra,
129,ABLEKUMA NORTH MUNICIPAL,HIV,-1,52,linear,0,0.7602,0,0.00000073,,greater accra,
130,ABLEKUMA WEST MUNICIPAL,HIV,-1,52,linear,0,0.7602,0,0.00000073,,greater accra,
131,ACCRA METROPOLIS,HIV,-1,52,linear,0,0.7602,0,0.00000073,,greater accra,
132,ADA EAST,HIV,-1,52,linear,0,0.7602,0,0.00000073,,greater accra,
133,ADA WEST,HIV,-1,52,linear,0,0.7602,0,0.00000073,,greater accra,
134,ADENTA MUNICIPAL,HIV,-1,52,linear,0,0.7602,0,0.00000073,,greater accra,
135,ASHAIMAN MUNICIPAL,HIV,-1,52,linear,0,0.7602,0,0.00000073,,greater accra,
136,AYAWASO CENTRAL MUNICIPAL,HIV,-1,52,linear,0,0.7602,0,0.00000073,,greater accra,
137,AYAWASO EAST MUNICIPAL,HIV,-1,52,linear,0,0.7602,0,0.00000073,,greater accra,
138,AYAWASO NORTH MUNICIPAL,HIV,-1,52,linear,0,0.7602,0,0.00000073,,greater accra,
139,AYAWASO WEST,HIV,-1,52,linear,0,0.7602,0,0.00000073,,greater accra,
140,GA CENTRAL MUNICIPAL,HIV,-1,52,linear,0,0.7602,0,0.00000073,,greater accra,
141,GA EAST,HIV,-1,52,linear,0,0.7602,0,0.00000073,,greater accra,
142,GA NORTH MUNICIPAL,HIV,-1,52,linear,0,0.7602,0,0.00000073,,greater accra,
143,GA SOUTH MUNICIPAL,HIV,-1,52,linear,0,0.7602,0,0.00000073,,greater accra,
144,GA WEST MUNICIPAL,HIV,-1,52,linear,0,0.7602,0,0.00000073,,greater accra,
145,KORLE KLOTTEY MUNICIPAL,HIV,-1,52,linear,0,0.7602,0,0.00000073,,greater accra,
146,KPONE KATAMANSO,HIV,-1,52,linear,0,0.7602,0,0.00000073,,greater accra,
147,KROWOR MUNICIPAL,HIV,-1,52,linear,0,0.7602,0,0.00000073,,greater accra,
148,LA DADE-KOTOPON,HIV,-1,52,linear,0,0.7602,0,0.00000073,,greater accra,
149,LA-NKWANTANANG-MADINA,HIV,-1,52,linear,0,0.7602,0,0.00000073,,greater accra,
150,LEDZOKUKU MUNICIPAL,HIV,-1,52,linear,0,0.7602,0,0.00000073,,greater accra,
151,NINGO PRAMPRAM,HIV,-1,52,linear,0,0.7602,0,0.00000073,,greater accra,
152,OKAIKWEI NORTH MUNICIPAL,HIV,-1,52,linear,0,0.7602,0,0.00000073,,greater accra,
153,SHAI OSUDOKU,HIV,-1,52,linear,0,0.7602,0,0.00000073,,greater accra,
154,TEMA METROPOLITAN,HIV,-1,52,linear,0,0.7602,0,0.00000073,,greater accra,
155,TEMA WEST MUNICIPAL,HIV,-1,52,linear,0,0.7602,0,0.00000073,,greater accra,
156,WEIJA GBAWE MUNICIPAL,HIV,-1,52,linear,0,0.7602,0,0.00000073,,greater accra,
157,GUSHEGU,HIV,-1,52,linear,0,0.7602,0,0.00000073,,northern,
158,KARAGA,HIV,-1,52,linear,0,0.7602,0,0.00000073,,northern,
159,KPANDAI,HIV,-1,52,linear,0,0.7602,0,0.00000073,,northern,
160,KUMBUNGU,HIV,-1,52,linear,0,0.7602,0,0.00000073,,northern,
161,MION,HIV,-1,52,linear,0,0.7602,0,0.00000073,,northern,
162,NANTON,HIV,-1,52,linear,0,0.7602,0,0.00000073,,northern,
163,NANUMBA NORTH,HIV,-1,52,linear,0,0.7602,0,0.00000073,,northern,
164,NANUMBA SOUTH,HIV,-1,52,linear,0,0.7602,0,0.00000073,,northern,
165,SABOBA,HIV,-1,52,linear,0,0.7602,0,0.00000073,,northern,
166,SAGNERIGU,HIV,-1,52,linear,0,0.7602,0,0.00000073,,northern,
167,SAVELUGU,HIV,-1,52,linear,0,0.7602,0,0.00000073,,northern,
168,TAMALE,HIV,-1,52,linear,0,0.7602,0,0.00000073,,northern,
169,TATALE SANGULI,HIV,-1,52,linear,0,0.7602,0,0.00000073,,northern,
170,TOLON,HIV,-1,52,linear,0,0.7602,0,0.00000073,,northern,
171,YENDI MUNICIPAL,HIV,-1,52,linear,0,0.7602,0,0.00000073,,northern,
172,ZABZUGU,HIV,-1,52,linear,0,0.7602,0,0.00000073,,northern,
173,BOLE,HIV,-1,52,linear,0,0.7602,0,0.00000073,,savannah,
174,CENTRAL GONJA,HIV,-1,52,linear,0,0.7602,0,0.00000073,,savannah,
175,EAST GONJA MUNICIPAL,HIV,-1,52,linear,0,0.7602,0,0.00000073,,savannah,
176,NORTH EAST GONJA,HIV,-1,52,linear,0,0.7602,0,0.00000073,,savannah,
177,NORTH GONJA,HIV,-1,52,linear,0,0.7602,0,0.00000073,,savannah,
178,SAWLA-TUNA-KALBA,HIV,-1,52,linear,0,0.7602,0,0.00000073,,savannah,
179,WEST GONJA,HIV,-1,52,linear,0,0.7602,0,0.00000073,,savannah,
180,BUNKPURUGU NAKPANDURI,HIV,-1,52,linear,0,0.7602,0,0.00000073,,north east,
181,CHEREPONI,HIV,-1,52,linear,0,0.7602,0,0.00000073,,north east,
182,EAST MAMPRUSI,HIV,-1,52,linear,0,0.7602,0,0.00000073,,north east,
183,MAMPRUGU MOAGDURI,HIV,-1,52,linear,0,0.7602,0,0.00000073,,north east,
184,WEST MAMPRUSI MUNICIPAL,HIV,-1,52,linear,0,0.7602,0,0.00000073,,north east,
185,YUNYOO-NASUAN,HIV,-1,52,linear,0,0.7602,0,0.00000073,,north east,
186,BAWKU MUNICIPAL,HIV,-1,52,linear,0,0.7602,0,0.00000073,,upper east,
187,BAWKU WEST,HIV,-1,52,linear,0,0.7602,0,0.00000073,,upper east,
188,BINDURI,HIV,-1,52,linear,0,0.7602,0,0.00000073,,upper east,
189,BOLGA EAST,HIV,-1,52,linear,0,0.7602,0,0.00000073,,upper east,
190,BOLGATANGA MUNICIPAL,HIV,-1,52,linear,0,0.7602,0,0.00000073,,upper east,
191,BONGO,HIV,-1,52,linear,0,0.7602,0,0.00000073,,upper east,
192,BUILSA NORTH,HIV,-1,52,linear,0,0.7602,0,0.00000073,,upper east,
193,BUILSA SOUTH,HIV,-1,52,linear,0,0.7602,0,0.00000073,,upper east,
194,GARU,HIV,-1,52,linear,0,0.7602,0,0.00000073,,upper east,
195,KASENA NANKANA EAST,HIV,-1,52,linear,0,0.7602,0,0.00000073,,upper east,
196,KASENA NANKANA WEST,HIV,-1,52,linear,0,0.7602,0,0.00000073,,upper east,
197,NABDAM,HIV,-1,52,linear,0,0.7602,0,0.00000073,,upper east,
198,PUSIGA,HIV,-1,52,linear,0,0.7602,0,0.00000073,,upper east,
199,TALENSI,HIV,-1,52,linear,0,0.7602,0,0.00000073,,upper east,
200,TEMPANE,HIV,-1,52,linear,0,0.7602,0,0.00000073,,upper east,
201,DAFFIAMA BUSSIE ISSA,HIV,-1,52,linear,0,0.7602,0,0.00000073,,upper west,
202,JIRAPA,HIV,-1,52,linear,0,0.7602,0,0.00000073,,upper west,
203,LAMBUSSIE-KARNI,HIV,-1,52,linear,0,0.7602,0,0.00000073,,upper west,
204,LAWRA,HIV,-1,52,linear,0,0.7602,0,0.00000073,,upper west,
205,NADOWLI-KALEO,HIV,-1,52,linear,0,0.7602,0,0.00000073,,upper west,
206,NANDOM,HIV,-1,52,linear,0,0.7602,0,0.00000073,,upper west,
207,SISSALA EAST,HIV,-1,52,linear,0,0.7602,0,0.00000073,,upper west,
208,SISSALA WEST,HIV,-1,52,linear,0,0.7602,0,0.00000073,,upper west,
209,WA EAST,HIV,-1,52,linear,0,0.7602,0,0.00000073,,upper west,
210,WA MUNICIPAL,HIV,-1,52,linear,0,0.7602,0,0.00000073,,upper west,
211,WA WEST,HIV,-1,52,linear,0,0.7602,0,0.00000073,,upper west,
212,ADAKLU,HIV,-1,52,linear,0,0.7602,0,0.00000073,,volta,
213,AFADZATO SOUTH,HIV,-1,52,linear,0,0.7602,0,0.00000073,,volta,
214,AGOTIME ZIOPE,HIV,-1,52,linear,0,0.7602,0,0.00000073,,volta,
215,AKATSI NORTH,HIV,-1,52,linear,0,0.7602,0,0.00000073,,volta,
216,AKATSI SOUTH,HIV,-1,52,linear,0,0.7602,0,0.00000073,,volta,
217,ANLOGA,HIV,-1,52,linear,0,0.7602,0,0.00000073,,volta,
218,CENTRAL TONGU,HIV,-1,52,linear,0,0.7602,0,0.00000073,,volta,
219,HOHOE MUNICIPAL,HIV,-1,52,linear,0,0.7602,0,0.00000073,,volta,
220,HO MUNICIPAL,HIV,-1,52,linear,0,0.7602,0,0.00000073,,volta,
221,HO WEST,HIV,-1,52,linear,0,0.7602,0,0.00000073,,volta,
222,KETA MUNICIPAL,HIV,-1,52,linear,0,0.7602,0,0.00000073,,volta,
223,KETU NORTH,HIV,-1,52,linear,0,0.7602,0,0.00000073,,volta,
224,KETU SOUTH,HIV,-1,52,linear,0,0.7602,0,0.00000073,,volta,
225,KPANDO MUNICIPAL,HIV,-1,52,linear,0,0.7602,0,0.00000073,,volta,
226,NORTH DAYI,HIV,-1,52,linear,0,0.7602,0,0.00000073,,volta,
227,NORTH TONGU,HIV,-1,52,linear,0,0.7602,0,0.00000073,,volta,
228,SOUTH DAYI,HIV,-1,52,linear,0,0.7602,0,0.00000073,,volta,
229,SOUTH TONGU,HIV,-1,52,linear,0,0.7602,0,0.00000073,,volta,
230,BIAKOYE,HIV,-1,52,linear,0,0.7602,0,0.00000073,,oti,
231,JASIKAN,HIV,-1,52,linear,0,0.7602,0,0.00000073,,oti,
232,KADJEBI,HIV,-1,52,linear,0,0.7602,0,0.00000073,,oti,
233,KRACHI EAST MUNICIPAL,HIV,-1,52,linear,0,0.7602,0,0.00000073,,oti,
234,KRACHI NCHUMURU,HIV,-1,52,linear,0,0.7602,0,0.00000073,,oti,
235,KRACHI WEST,HIV,-1,52,linear,0,0.7602,0,0.00000073,,oti,
236,NKWANTA NORTH,HIV,-1,52,linear,0,0.7602,0,0.00000073,,oti,
237,NKWANTA SOUTH MUNICIPAL,HIV,-1,52,linear,0,0.7602,0,0.00000073,,oti,
238,AHANTA WEST MUNICIPAL,HIV,-1,52,linear,0,0.7602,0,0.00000073,,western,
239,EFFIA KWESIMINTSIM MUNICIPAL,HIV,-1,52,linear,0,0.7602,0,0.00000073,,western,
240,ELLEMBELLE,HIV,-1,52,linear,0,0.7602,0,0.00000073,,western,
241,JOMORO,HIV,-1,52,linear,0,0.7602,0,0.00000073,,western,
242,MPOHOR,HIV,-1,52,linear,0,0.7602,0,0.00000073,,western,
243,NZEMA EAST,HIV,-1,52,linear,0,0.7602,0,0.00000073,,western,
244,PRESTEA-HUNI VALLEY,HIV,-1,52,linear,0,0.7602,0,0.00000073,,western,
245,SEKONDI TAKORADI METROPOLIS,HIV,-1,52,linear,0,0.7602,0,0.00000073,,western,
246,SHAMA,HIV,-1,52,linear,0,0.7602,0,0.00000073,,western,
247,TARKWA NSUAEM,HIV,-1,52,linear,0,0.7602,0,0.00000073,,western,
248,WASSA AMENFI CENTRAL,HIV,-1,52,linear,0,0.7602,0,0.00000073,,western,
249,WASSA AMENFI EAST,HIV,-1,52,linear,0,0.7602,0,0.00000073,,western,
250,WASSA AMENFI WEST,HIV,-1,52,linear,0,0.7602,0,0.00000073,,western,
251,WASSA EAST,HIV,-1,52,linear,0,0.7602,0,0.00000073,,western,
252,AOWIN,HIV,-1,52,linear,0,0.7602,0,0.00000073,,western north,
253,BIA EAST,HIV,-1,52,linear,0,0.7602,0,0.00000073,,western north,
254,BIA WEST,HIV,-1,52,linear,0,0.7602,0,0.00000073,,western north,
255,BIBIANI-ANHWIASO-BEKWAI MUNICIPAL,HIV,-1,52,linear,0,0.7602,0,0.00000073,,western north,
256,BODI,HIV,-1,52,linear,0,0.7602,0,0.00000073,,western north,
257,JUABOSO,HIV,-1,52,linear,0,0.7602,0,0.00000073,,western north,
258,SEFWI AKONTOMBRA,HIV,-1,52,linear,0,0.7602,0,0.00000073,,western north,
259,SEFWI-WIAWSO,HIV,-1,52,linear,0,0.7602,0,0.00000073,,western north,
260,SUAMAN,HIV,-1,52,linear,0,0.7602,0,0.00000073,,western north,
